{
  "version": 1,
  "author": "Muhammad Syazwan (Wan)",
  "editor": "wokwi",
  "parts": [
    { "type": "chip-ssd1322", "id": "chip1", "top": -181.38, "left": -388.8, "attrs": {} },
    { "type": "wokwi-arduino-nano", "id": "nano", "top": -427.2, "left": -374.9, "attrs": {} },
    { "type": "chip-TXS0108E", "id": "TXS0108E", "top": -315.78, "left": -302.4, "attrs": {} }
  ],
  "connections": [
    [ "TXS0108E:Vccb", "chip1:VCC", "red", [ "h-76.8", "v9.6" ] ],
    [ "nano:3.3V", "TXS0108E:OE", "red", [ "v57.6" ] ],
    [ "TXS0108E:GND", "nano:GND.1", "black", [ "h-9.6", "v-67.2", "h76.8" ] ],
    [ "chip1:GND", "nano:GND.1", "black", [ "h-19.2", "v-163.2", "h153.6", "v-9.6" ] ],
    [ "chip1:RES", "TXS0108E:A1", "orange", [ "h24.44", "v-57.6", "h-220.8", "v-76.8" ] ],
    [ "chip1:DC", "TXS0108E:A2", "blue", [ "h-28.8", "v-115.2" ] ],
    [ "chip1:MOSI", "TXS0108E:A3", "violet", [ "h14.84", "v-28.8", "h-220.8", "v-67.2" ] ],
    [ "chip1:SCK", "TXS0108E:A4", "gray", [ "h24.44", "v-48", "h-220.8", "v-48" ] ],
    [ "chip1:CS", "TXS0108E:A5", "white", [ "h34.04", "v-57.6", "h-220.8", "v-28.8" ] ],
    [ "TXS0108E:A8", "nano:10", "white", [ "h40.21", "v-230.4", "h-182.4" ] ],
    [ "TXS0108E:B2", "nano:11", "violet", [ "h49.81", "v-220.8", "h-201.6" ] ],
    [ "TXS0108E:B3", "nano:9", "blue", [ "h30.61", "v-192", "h-163.2" ] ],
    [ "TXS0108E:B4", "nano:8", "orange", [ "h21.01", "v-172.8", "h-144" ] ],
    [ "nano:5V", "TXS0108E:Vcca", "red", [ "v9.6", "h-67.2", "v48" ] ],
    [ "TXS0108E:Vccb", "chip1:Vdd", "red", [ "h-105.6", "v144" ] ],
    [ "nano:GND.2", "chip1:Vss", "black", [ "v-9.6", "h-144", "v259.2" ] ],
    [ "chip1:DB7", "chip1:DB6", "black", [ "h0" ] ],
    [ "chip1:DB6", "chip1:DB5", "black", [ "h0" ] ],
    [ "chip1:DB5", "chip1:DB4", "black", [ "h0" ] ],
    [ "chip1:DB4", "chip1:DB3", "black", [ "v0" ] ],
    [ "chip1:RW", "chip1:E", "black", [ "h0" ] ],
    [ "chip1:E", "chip1:DB3", "black", [ "h9.6", "v38.4" ] ],
    [ "chip1:RW", "chip1:Vss", "black", [ "h9.6", "v-38.4" ] ],
    [ "TXS0108E:A4", "chip1:DB1", "gray", [ "h-134.4", "v144" ] ],
    [ "TXS0108E:A3", "chip1:DB0", "violet", [ "h-124.8", "v134.4" ] ],
    [ "TXS0108E:B1", "nano:13", "gray", [ "h59.41", "v-240", "h-249.6", "v124.8", "h28.8" ] ]
  ],
  "dependencies": {}
}